Date,UNH,UNH sharpe,GS,GS sharpe,MSFT,MSFT sharpe,HD,HD sharpe,MCD,MCD sharpe,V,V sharpe,AMGN,AMGN sharpe,CAT,CAT sharpe,CRM,CRM sharpe,BA,BA sharpe,HON,HON sharpe,TRV,TRV sharpe,AAPL,AAPL sharpe,JNJ,JNJ sharpe,CVX,CVX sharpe,AXP,AXP sharpe,PG,PG sharpe,WMT,WMT sharpe,JPM,JPM sharpe,IBM,IBM sharpe,NKE,NKE sharpe,MRK,MRK sharpe,MMM,MMM sharpe,DIS,DIS sharpe,KO,KO sharpe,DOW,DOW sharpe,CSCO,CSCO sharpe,VZ,VZ sharpe,WBA,WBA sharpe,INTC,INTC sharpe,HP,HP sharpe,BAC,BAC sharpe,RTX,RTX sharpe,DD,DD sharpe
1998-12-31,,,,,,,,,,,,,,,,,,,,,,,,,,,,,,,,,,,,,,,,,,,,,,,,,,,,,,,,,,,,,,,,,,,,
1999-12-31,0.2343387470997682,0.7474947305275759,,,0.6834733893557423,2.007213338435685,0.6897676314716674,2.2717646880800384,0.054709800190295,0.2528632759536841,,,1.297427652733119,4.2984056848133365,0.0470984020185027,0.1644271940406643,,,0.2872954764196342,0.8479845010246979,0.3178036605657237,1.3286373127430593,0.0,0.0,1.5161290322580645,2.25969424471896,0.1248297775760327,1.1258751490059984,0.0739156994502137,0.3329657233951343,0.634261444077395,1.7472335157222647,0.2156779661016949,1.60610871326699,0.7051428571428571,3.4652409277773843,0.1169694284448383,0.4820503485111772,0.1758868243243243,0.801456793054988,0.2268041237113403,0.995951232845208,-0.0750613819712381,-0.3070022791163931,0.4112021857923496,1.856216435362669,-0.014486391571554,-0.056384539110876,-0.1219366407650927,-0.8400671902901753,,,1.3083333333333331,3.230609411253793,0.1704851752021563,1.096498605569001,0.0040183696900113,0.0155706966198026,0.3906619385342789,1.0077074326881523,0.1368421052631581,0.3067050843767075,-0.14,-0.391390772472149,0.208540218470705,0.9670881709346404,0.515527950310559,1.753609426669796
2000-12-31,1.3101503759398492,4.179123232219109,0.1411851851851853,0.3936757410686707,-0.6283971159179146,-1.845466250110936,-0.3331724969843185,-1.0973108611570408,-0.1511050969778981,-0.6983927870734269,,,0.0646139491485888,0.2140674015645208,0.0409638554216869,0.1430106227686734,,,0.6119626168224299,1.8062756181860709,-0.16635101010101,-0.6954613381081279,0.6569543705332599,3.73063122253328,-0.717948717948718,-1.070057067330091,0.1424535916061338,1.284829323502611,0.0051194539249148,0.0230614428622904,-0.0025989026855328,-0.0071593345593769,-0.2708260718020215,-2.016785124429453,-0.2278820375335121,-1.119866925073946,-0.1007536691788972,-0.415222524271559,-0.2084754893158555,-0.9499523215540144,0.1323529411764705,0.5811934667606057,0.4178991277967387,1.7092142631148444,0.2623426911907065,1.1842466599420558,-0.0035634743875277,-0.0138699040393681,0.0599046970728387,0.4127058957783769,,,-0.2857539572341017,-0.705599559396308,-0.1623488773747841,-1.0441688988268811,0.4351057747284164,1.6859822610799202,-0.2685932851678708,-0.6928329154595703,1.0370370370370372,2.324317733453108,-0.0450112528132032,-0.1258356357749915,0.2259654889071487,1.0478964343861774,-0.1468579234972677,-0.4995489359419234
2001-12-31,0.1537835638730675,0.4905394650246579,-0.1281318966636375,-0.3572784163397112,0.526865671641791,1.547290384897256,0.1219247467438495,0.4015618037407955,-0.2151965993623804,-0.9946173610503652,,,-0.1172217353198948,-0.3883581272692095,0.1365740740740739,0.4767994415156527,,,-0.4042207792207791,-1.1931025160684403,-0.2703521393411586,-1.130257402539545,-0.1692103516921035,-0.960890816033378,0.5,0.745218314747742,0.1402331331684918,1.2648023794281569,0.0928126768534236,0.4180903423575692,-0.3448176027793862,-0.9498872712711096,0.0310707456978966,0.2313773460269224,0.0894097222222223,0.4393807944691174,-0.1733568592853993,-0.7144322712899218,0.4301270417422869,1.95994350802164,0.0129870129870131,0.0570290847615029,-0.3597218507622358,-1.4712682491549365,0.0019171779141105,0.0086543731445127,-0.276262852033974,-1.075281826288554,-0.2087347463070006,-1.438051850090437,,,-0.526438569206843,-1.299911385574478,-0.0247422680412372,-0.1591332640721476,-0.1916334661354582,-0.7425565076338241,0.0488088320743753,0.125901752924057,-0.2340909090909091,-0.5246694494101537,0.4273369992144542,1.1946839873462525,-0.1675603217158177,-0.7770472584986461,-0.0408326661329062,-0.1388955694906351
2002-12-31,0.1798307475317349,0.5736248820583528,-0.259827278141751,-0.7244931267975743,-0.2194525904203323,-0.6444847356254333,-0.5262818445662689,-1.733320695133817,-0.3838862559241706,-1.7742842402813148,,,-0.1434599156118143,-0.4752857822242742,-0.0977596741344196,-0.341292872355573,,,-0.1339042428960685,-0.3952332421393895,-0.2729631551634665,-1.1411732398194094,-0.2000798722044727,-1.1361888309542574,-0.3333333333333333,-0.496812209831828,-0.0786864931846345,-0.7096957870092312,-0.2309684101501812,-1.040436123030651,0.0013256738842244,0.0036519039002976,0.114974501622624,0.8561910713334332,-0.1179282868525897,-0.5795278531219324,-0.3078975453575239,-1.268896676838297,-0.3545368020304569,-1.615504341879263,-0.2051282051282051,-0.900767082386808,-0.0121136173767754,-0.0495448930641724,0.0642939150401837,0.2902305141239368,-0.2032118591723286,-0.7909496968033988,-0.0551948051948051,-0.3802576865139234,,,-0.2766830870279145,-0.6832012623341146,-0.1522198731501057,-0.9790228297039054,-0.1296205027106949,-0.502263773398319,-0.5030470914127423,-1.2976034852811655,0.1543026706231454,0.3458395610182453,0.1452944413869012,0.406192168930919,-0.0265700483091787,-0.1232164213186452,-0.0818030050083472,-0.2782594437918221
2003-12-31,0.3945008965929466,1.258380635047457,0.4628847314423656,1.290691296264044,0.0682529743268627,0.2004442054224305,0.4908100748808712,1.6164936506071497,0.5681318681318681,2.6258492052580085,,,0.2781802376122864,0.9216171030704388,0.8623024830699775,3.0104201337827274,,,0.3042696629213484,0.8980856973621301,0.4332619557458956,1.8113321903571389,0.2021967049425859,1.148209638882326,0.4545454545454546,0.67747119522522,-0.0208473436449225,-0.1880281018550254,0.3542087542087542,1.5955930195512231,0.376875551632833,1.0381989969878278,0.1846153846153846,1.3747921644165375,0.057813911472448,0.2841114111840719,0.6060138781804161,2.497483360083656,0.2049643647087737,0.9339533137919586,0.5483870967741935,2.408099095251829,-0.1120507399577166,-0.4582893578601919,0.4063286587558432,1.834216744466289,0.4441860465116278,1.7288795065584088,0.1812714776632302,1.2488471058806796,,,0.8490351872871735,2.096484891619544,-0.0565253532834579,-0.3635505021542946,0.253114382785957,0.980787624957821,1.0657748049052396,2.7491523656086536,0.012853470437018,0.0288085653705627,0.2018260451705911,0.5642346551736892,0.5533498759305211,2.566114696363628,0.458181818181818,1.558541985955026
2004-12-31,0.5135019288469784,1.6379706330231645,0.0649064906490648,0.180982946425448,0.0908558030480657,0.2668238187360394,0.2146118721461187,0.7068288660401236,0.3153468815697267,1.4575020427445202,,,0.038086601677624,0.1261817295333967,0.1971717171717171,0.6883543986479295,,,0.2487939352170918,0.7343429268091961,0.0826693227091632,0.3456144796289292,-0.0365448504983387,-0.2075263768794901,2.03125,3.0274494036627018,0.251717032967033,2.2703072736510204,0.2550969666832421,1.1491272717347547,0.1759615384615385,0.4847305481815424,0.123903123903124,0.9226806543973762,0.005123825789923,0.0251797074226701,0.099375900144023,0.4095445103472436,0.0717927799306545,0.3271354257987337,0.3318452380952381,1.4572119262496408,-0.2776190476190476,-1.1354664423555143,-0.0176425466632573,-0.0796405909537858,0.2018250134192163,0.7855517577637925,-0.1614545454545455,-1.112320837350848,,,-0.2025782688766113,-0.5002175250560118,0.2026431718061674,1.303327137096033,0.060099412562133,0.2328779560425871,-0.2655153804641122,-0.6848934999671875,0.233502538071066,0.5233507296861422,0.2151139544182325,0.601382977066362,0.1075612353567625,0.4988064131104494,0.2291147132169577,0.7793519646102005
2005-12-31,0.412347776833758,1.315308689419462,0.2388946280991735,0.6661252710821607,-0.0091348737238042,-0.0268271459707146,-0.0436090225563909,-0.1436272637408678,0.0729888119339372,0.3373470571887899,,,0.2293077091067918,0.7597013662532958,0.2068849139385757,0.7222645446633291,0.8933649289099528,1.8495161998500904,0.379139072847682,1.119071074541068,0.0754369825206993,0.3153783362952146,0.2318965517241378,1.3168654552943162,1.2371134020618555,1.843839129272764,-0.0337448559670783,-0.304354421499945,0.115689381933439,0.5211423152472399,0.0526028890705914,0.1449079581711773,0.071830106183635,0.5349037803983757,-0.1028037383177569,-0.5052021983043865,0.0572052401746725,0.2357522502204153,-0.158325404376784,-0.7214353396759977,-0.0368715083798882,-0.1619116250044444,0.040870138431114,0.1671595341924604,-0.0348776678813118,-0.1574420141363369,-0.1286288521661455,-0.500654597794437,-0.0060711188204681,-0.0418262115261465,,,-0.1139337952270977,-0.2813316620029488,-0.221978021978022,-1.427681857248006,0.159846547314578,0.6193860410964801,0.0808229243203528,0.2084816910364691,0.8302469135802466,1.860837709222874,0.0240210595590655,0.0671544361173011,0.0999999999999998,0.4637418038719914,-0.0882576718234845,-0.3002155076021719
2006-12-31,-0.1349508722678964,-0.4304668653767517,0.5739003543881593,1.6002433046851896,0.1583514099783078,0.4650438001224382,0.0102201257861633,0.0336602064367757,0.3470705064548163,1.604125493856896,,,-0.1337715402380529,-0.4431879864855641,0.0785794183445189,0.274331882059626,0.1376720901126407,0.2850198756304834,0.2839135654261706,0.8380024151873512,0.2412318220701454,1.0085144999678397,0.2295311406578026,1.3034330515018997,0.1797235023041474,0.2678664910153174,0.1243611584327086,1.1216485401145766,0.3366477272727273,1.5164864145835726,0.1910926980838945,0.5264131531558688,0.1337412587412585,0.9959431872903878,0.0009469696969697,0.0046536359520119,0.2565055762081785,1.0571018773894774,0.197829527470043,0.9014422727046606,0.1496519721577727,0.657157655378195,0.4262191260291323,1.7432431918730162,0.0296655879180152,0.1339140543526278,0.4428498206048179,1.7236785922015558,0.2303664921465966,1.5870810494723413,,,0.5968722849695915,1.4738302327179509,0.3465160075329567,2.22866485966704,0.0433664094083057,0.1680395922917125,-0.1719918422841605,-0.4436507392599987,-0.2046093310848791,-0.4585922003608997,0.2072622107969151,0.5794322627720713,0.1368006993006993,0.6344020306465629,-0.0542420027816412,-0.1845084972444939
2007-12-31,0.0839128419100601,0.2676655394280952,0.0858940397350993,0.2395038806780222,0.2083333333333332,0.6118298854350575,-0.3116731517509726,-1.026502300288868,0.3638039071138961,1.6814656137948782,,,-0.3201394585726005,-1.060628903478899,0.2048224008296604,0.7150640191967154,0.7194719471947195,1.4895089102030876,-0.0010908524232509,-0.0032197720595881,0.3862853204686423,1.614937629182558,0.0236198064883323,0.1341292356180555,1.3359375,1.9911301847166232,0.0361111111111112,0.3256963473978066,0.3055260361317746,1.376293512654708,-0.1339130434782608,-0.3688973371192957,0.166538164996145,1.240174890028797,0.0491958372753074,0.2417601299875811,-0.0687047994740303,-0.28314383485652,0.1283503208758023,0.5848490184063955,0.3128153380423815,1.3736470769496103,0.3738898756660747,1.5292157025834254,0.1073860660031431,0.4847536991076063,-0.0348134991119004,-0.1355025571803468,0.3049645390070921,2.101014935415272,,,-0.0097932535364526,-0.0241820461464905,0.2223776223776223,1.430251941599487,-0.1634378302219091,-0.6333018280796777,0.3423645320197046,0.8831248954005401,0.6473498233215547,1.4509092928763818,-0.1884482299707214,-0.5268349878517845,0.2445213379469433,1.1339476634470844,0.0255882352941174,0.0870404225349527
2008-12-31,-0.542557741659538,-1.7306529881069233,-0.6041958894919802,-1.6847182955804814,-0.4440139480821387,-1.30397281433598,-0.1136235161107971,-0.3742215202027857,0.0859459459459459,0.3972336468281471,,,0.2434389140271493,0.8065183517206321,-0.367979341510652,-1.284668014124087,-0.4894433781190019,-1.0132851956086704,-0.5006240249609984,-1.4776474008503242,-0.4531444195873726,-1.8944545284762997,-0.1376146788990825,-0.7814692173568809,-0.5685618729096991,-0.8474054415191716,-0.0772605410675115,-0.6968347206553852,-0.1831501831501831,-0.8250308618621313,-0.6372991967871486,-1.7556017736331302,-0.1381361533377396,-1.0286710483365649,0.2001803426510371,0.9837341600559406,-0.251323685139428,-1.0357464477797984,-0.2079290732686517,-0.9474624883641318,-0.1929285165257493,-0.8471953275830574,-0.4534583063994829,-1.8546518848033495,-0.2982497634815515,-1.3463355301740827,-0.2863452337136548,-1.1145248939179728,-0.2407608695652172,-1.6586918087821547,,,-0.3978021978021977,-0.9822753049966038,-0.1807780320366132,-1.162698515050401,-0.3435789473684211,-1.3313268731154764,-0.434862385321101,-1.121721915190162,-0.4298584298584298,-0.9634444438444624,-0.6310265660872417,-1.7641283939380936,-0.2848316342292245,-1.32088335857268,-0.5947806137080585,-2.023193680130392
2009-12-31,0.1472650771388499,0.469746768361621,1.02557781201849,2.859684637877504,0.6048780487804879,1.7763958429802262,0.305484693877551,1.0061204797611132,0.0395719263315081,0.1828975228053936,0.6788756388415673,2.769446222926529,-0.0203784570596796,-0.0675142660082256,0.3319713993871296,1.1589591868007425,1.3045112781954886,2.700704565214576,0.3177132146204311,0.9377658330246048,0.2372727272727273,0.9919627677971876,0.1347517730496454,0.7652117017239253,1.4651162790697674,2.183662968795709,0.112783940834654,1.0172303328455183,0.080468360737419,0.3624832903245683,1.260899653979239,3.4734669054332485,0.0117586912065439,0.0875645145621471,-0.0262960180315552,-0.129224932221155,0.3432343234323431,1.4145253801046542,0.5864836325237592,2.672407629777915,0.3199999999999998,1.4051966485234195,0.267297457125961,1.093250968535729,0.4853387259858441,2.190877750703007,0.4373388344507478,1.7022285014174692,0.3027916964924837,2.086045409481664,,,0.468978102189781,1.1580268055589171,0.0377094972067038,0.2425337631546503,0.5125080179602308,1.9859065935898412,0.4383116883116882,1.1306193477740718,0.7652370203160272,1.7151306203076666,0.0755555555555556,0.2112267660960805,0.3317494600431965,1.5384609303399126,0.8987968860580324,3.057329270126562
2010-12-31,0.1992665036674816,0.6356211395065692,0.0054008823976874,0.0150596280873628,-0.0651324359531047,-0.1912798599710125,0.2496336101612115,0.8221737214780757,0.2693320564998802,1.2448260803186677,-0.1897513952308472,-0.774083285288941,-0.0294700346706291,-0.0976348579383449,0.6853271983640086,2.392574342171405,0.789559543230016,1.6346099098964566,0.2356567093409198,0.6955669458286161,0.3945628214548127,1.6495432616252943,0.1482954545454544,0.8421218850221931,0.5314465408805031,0.792087391146971,-0.0059340137669119,-0.0535205522573034,0.2294212589347475,1.0334667196768272,0.0783593510866236,0.2158606451129167,0.093734209196564,0.6980190551815911,0.0324074074074074,0.1592577636910716,0.0231660231660231,0.0954710105817588,0.1427050053248135,0.6502584622804117,0.3124098124098124,1.3718663167628091,0.0289314045730284,0.1183299175781437,0.0705695484456545,0.3185594828698091,0.175816289917474,0.6843195164382442,0.1901098901098901,1.3097382397031625,,,-0.1552795031055901,-0.3834247827575023,0.2254374158815613,1.4499314199260909,0.0814249363867685,0.3155117820335537,0.0632054176072236,0.1630375596556078,0.222080136402387,0.4977496278846191,-0.1115702479338842,-0.3119111823125153,0.1618553357119689,0.7505908534937533,0.2616474096161014,0.8900145252844717
2011-12-31,0.4220183486238533,1.346155920377846,-0.4560036316864643,-1.271504282823372,-0.045053413841152,-0.1323121201386733,0.2349491790461297,0.7738102283976428,0.3466616371180686,1.6022357402923169,0.4539762053850968,1.8519779107815189,0.1816789997448329,0.6019064289783779,-0.0145608979220386,-0.0508341575387797,-0.2315405651777574,-0.4793539709928244,0.1515732924021489,0.4473854037944148,0.0489989462592201,0.204849208373509,0.0930232558139534,0.5282489593296124,0.25564681724846,0.3810253806410428,0.0990926456542502,0.8937446605912899,0.2029257314328583,0.9141131513953772,0.1166619358501279,0.3213747993508992,0.0706860706860708,0.5263843872766031,0.1382660687593422,0.6794725856390362,-0.1993138936535162,-0.821405500362065,0.2741146318732526,1.2490477023195838,0.1445849367784495,0.6349070893376496,0.0956916099773241,0.3913802488556943,-0.0284018651971172,-0.1282094570393817,0.0164784864205065,0.0641382539934626,0.0946445060018468,0.6520414514825152,,,-0.0963235294117647,-0.2378474145040728,0.1823174080175726,1.1725992211649765,-0.1333333333333333,-0.5166505430799437,0.1939136588818117,0.5001977824819769,0.209626787582839,0.4698378576504004,-0.5813953488372092,-1.6253769620936416,-0.0496929089893913,-0.2304467925438708,-0.1320531757754801,-0.4491894061652054
2012-12-31,0.086021505376344,0.2743917631064704,0.4340751043115436,1.2103595582296165,0.0578793774319066,0.1699791977434362,0.50332383665717,1.6577079970353623,-0.0925770308123249,-0.4278818640873453,0.5043066322136089,2.057298889328272,0.3683869574605916,1.2204739037463823,0.0160073880252424,0.0558840594183374,0.6567813364966391,1.359721746735557,0.0521492835721424,0.1539244013161095,0.198643897538925,0.8304677603433193,0.2485287460389316,1.4113143031795117,0.3254292722812755,0.4850317077180724,0.1084075602867695,0.977758516127306,0.0506704084814468,0.2282533932607348,0.2356380274529739,0.6491245258387172,0.0519956850053937,0.3872009934481313,0.170059093893631,0.8357111276553144,0.3620394173093402,1.4920242802678432,0.0592484227850416,0.2699750313946544,0.0869356388088375,0.3817552134106912,0.131208609271523,0.5366453564828423,0.1666666666666665,0.7523535053629418,0.3482437706394474,1.35544896800221,0.0649514972585407,0.4474751925652729,,,0.1163547599674532,0.2873096427477941,0.1314444960520202,0.8454031645851708,0.1524886877828053,0.5908752251740078,-0.1203319502074689,-0.3103947138256651,-0.0348904267589389,-0.0782001362991361,1.0977777777777775,3.069000660337168,0.1512925969447709,0.7016070181964629,0.1678012253233494,0.5707892469389957
2013-12-31,0.4103410341034101,1.3089075729373427,0.4079138783823099,1.1374125277642937,0.4432183908045977,1.3016364348897005,0.3590229522004633,1.182449897335842,0.1359777743478929,0.628475800659173,0.4806756369882623,1.9608971822608248,0.3477986428909578,1.1522643752995252,0.0340857445841538,0.1189981633890123,0.313365155131265,0.6487538430582716,0.847189231987332,2.5005730932948924,0.4701445631678191,1.965526790648369,0.2909717186366931,1.6523342063149566,0.0808143121529918,0.120448611020301,0.3461387691101529,3.121923677315518,0.1930553494583766,0.8696503525750372,0.5984365356922445,1.6485447475294177,0.2364643150123051,1.7609003069831384,0.1818181818181816,0.8934981027862705,0.3674111355772256,1.5141620191417164,-0.0018126888217522,-0.0082598101106726,0.5448519664162617,2.392575491092269,0.2685693377241127,1.0984529809706471,0.5446896035901272,2.4587947955747027,0.5533288799821867,2.153689807460166,0.1726732673267326,1.1896108143641653,,,0.1676384839650144,0.4139422654667724,0.1859605911330049,1.196030849171148,0.5897133882999608,2.285068067450164,0.309299191374663,0.797833275599062,0.5294293397072005,1.1866133599313935,0.3453389830508475,0.9654463667215542,0.4187292676703242,1.9418226592343435,0.4223258525211306,1.436575059919198
2014-12-31,0.3645865834633386,1.1629598320070875,0.1078046428325412,0.3005986258549548,0.2755654667091429,0.809276102047263,0.3024480942051439,0.9961193727319364,-0.001086956521739,-0.0050238053502326,0.1863882443928848,0.7603634449346446,0.4233696288490809,1.4026326751928246,0.0348666861998241,0.1217245412080264,0.0746865346174814,0.1546220936322649,-0.0254607801114444,-0.0751503197598807,0.1155764571754311,0.4831888758127479,0.1960398820390396,1.1132470344978944,0.4063926940639271,0.6057025571922289,0.1734129295282469,1.5640603681542404,-0.0699004975124378,-0.3148785696817399,0.0366795366795364,0.1010430579157671,0.1542544368883729,1.1487005354533606,0.1182336182336183,0.5810283246751184,0.0986887508626639,0.4067126545797804,-0.1238325838810101,-0.564263218318064,0.2374141876430204,1.0425425649621338,0.1690222094029421,0.6913035990714195,0.1999757898559495,0.9027149189150808,0.2485665137614676,0.9674809801744196,0.0526849037487335,0.3629660353541337,,,0.2796504369538077,0.6905284077586296,-0.0051921079958463,-0.0333937491670957,0.353173623116819,1.3685050813861197,0.4420998455995883,1.140390850648222,-0.1756202383277982,-0.3936187616450425,0.1574803149606298,0.4402595865828446,0.0323741007194244,0.1501322386635946,0.0592213114754098,0.2014460127728594
2015-12-31,0.1826912084143135,0.5827491923274414,-0.0578908096007959,-0.1614206713031961,0.2267732267732267,0.665983859310728,0.2852724244587199,0.939550931065863,0.3042709466811752,1.406310169068739,0.1913298565840937,0.7805225557276968,0.0395656823229415,0.1310819554849073,-0.2297565118912797,-0.8021125334148776,0.3219479201893813,0.6665225761938582,0.1406579873328639,0.4151676688058197,0.0579969340827797,0.2424669700465736,0.0909944816249852,0.5167282073987122,-0.0304383116883116,-0.0453663746802602,0.0114158084129545,0.1029624120745596,-0.1616742444503878,-0.7282888771693753,-0.2420856610800744,-0.6668861628979507,-0.0997269722661302,-0.7426459086174982,-0.2662420382165604,-1.308377158156457,0.083752093802345,0.3451562219524789,-0.1142913541255428,-0.5207870601067058,0.3139158576051781,1.3784797219535987,-0.0387367382186034,-0.158433892453555,-0.0591142943609401,-0.266849079477061,0.129276693455798,0.5031761527554243,0.051331408405518,0.3536412989753751,,,0.0058536585365853,0.0144541791275608,0.0361864996520528,0.2327383971178115,0.1361562328892134,0.5275889374944857,-0.0221270521056388,-0.0570764455682281,-0.171090047393365,-0.3834652157746692,-0.0476190476190475,-0.1331261130857648,-0.1445993031358884,-0.6705674167486988,0.1696653124395435,0.5771300878907278
2016-12-31,0.3840502658289029,1.2250451686617538,0.3492178734076958,0.9737466783634298,0.1508550488599349,0.4430286108541153,0.0353572750833024,0.1164499540658396,0.0621545520909374,0.2872721816289199,0.0136798905608754,0.0558065705649904,-0.0755657540750118,-0.2503509665521608,0.4210623047233963,1.4699881591474024,-0.1268866717830647,-0.2626910318655393,0.1131333384745894,0.3339256112599083,0.1493600579570153,0.6244275024457019,0.1096642272922945,0.6227476498855374,0.1251569694432817,0.186538531694914,0.1533554165133113,1.383155972641513,0.3665656404530228,1.6512566958451285,0.0858312858312859,0.2364439785869449,0.0935355147645651,0.6965394192953706,0.1603009259259258,0.7877571525433353,0.3454404945904175,1.4236173761053574,0.2521729440606197,1.1490668491995104,-0.1769880365939479,-0.7771968620329878,0.1504106776180698,0.6151821298718199,0.2172188270612201,0.9805520758220144,0.0067100447336314,0.0261171167333414,-0.0036618858712238,-0.0252281033469551,,,0.1513094083414159,0.3736216040247299,0.2068502350570851,1.3303854369317922,-0.0101204819277108,-0.0392156436313693,0.0875912408759125,0.2259404763110557,0.5168667810177245,1.1584568169183096,0.3335714285714286,0.9325484221657836,0.1714867617107942,0.7952558021593017,0.1510089315249752,0.5136689207132333
2017-12-31,0.3983796619639614,1.2707531372975949,0.077389687897466,0.2157906489561693,0.4073943039094285,1.1964288493814434,0.4461827284105133,1.4695125149198094,0.4504663721158566,2.082010940708803,0.4717948717948719,1.924668453147049,0.2227167679534365,0.7378654366257958,0.7502586652871188,2.619259292266249,0.4934075593319658,1.021492163595945,0.9471387002909796,2.795585047758649,0.3510872990860385,1.467785754152522,0.1336436815051886,0.7589192085180119,0.484375,0.7219302424118751,0.2442293373045418,2.202773623960873,0.1058713668728843,0.4769154120148108,0.3621964097148888,0.9977615890694204,0.1269887607648516,0.9456587468709566,0.4658354114713217,2.289226809981584,0.2676622630672027,1.1030804280255435,-0.0398682922488209,-0.1816663287489928,0.2471141513467294,1.0851374289847922,-0.0147255689424364,-0.0602278176592304,0.3489826477583018,1.5753499101107962,0.0476671379519288,0.1855320278261489,0.1439509954058193,0.991732325011362,,,0.3129738837405225,0.7728125153799613,0.0397885364496382,0.2559053869811657,-0.1049983771502758,-0.4068560143290207,0.3087248322147651,0.7963517235527244,-0.1223143611006408,-0.2741439586135563,0.3567220139260845,0.9972693184882206,0.1914116828929066,0.8876559910693025,0.278344589739905,0.94681131476265
2018-12-31,0.1452402357406852,0.4632879206720504,-0.3352706138757718,-0.9348566367141916,0.2078934137757666,0.6105379369590256,-0.0730048834765407,-0.2404431706740874,0.0578081635415963,0.2671836043844186,0.1648633779570878,0.6725536066683344,0.1523276163808191,0.504664665367714,-0.175570826867657,-0.6129426303233594,0.339807730037277,0.7034973964167985,0.1149973314356875,0.3394273934693909,-0.0826529818832129,-0.3455461637667392,-0.0964154333133715,-0.5475120373443485,-0.0538847117794485,-0.0803117482058968,-0.0512952038984354,-0.4626459844268154,-0.0975300823305889,-0.4393406902394894,-0.0262458471760795,-0.0723008221022734,0.0357466649397746,0.2661979388424715,-0.0343654304185097,-0.1688799578420462,-0.0662664250113275,-0.2730948906565323,-0.2256001482991936,-1.0279836028831888,0.198663009941721,0.8723768617365042,0.3994565217391304,1.6337837029007904,-0.1689846555664381,-0.7628171878077553,0.036051667630615,0.1403218084703926,0.0677376171352075,0.4666698159526108,,,0.1655437921077958,0.4087699358660535,0.1123896173401124,0.7228491189790454,-0.0366273798730734,-0.1419266677726408,0.0423076923076923,0.1091321467310131,-0.2258964998926348,-0.5063032677459591,-0.1500197394393998,-0.4194024407518372,-0.1466511017072815,-0.6800824644554971,-0.2315647482014388,-0.7876859539542672
2019-12-31,0.2000436109899694,0.6380999597435262,0.4047814207650273,1.1286780945287351,0.5755463059313215,1.6902548660185492,0.3056148306214989,1.0065490879561538,0.1396941191527483,0.6456523781400003,0.4333280856423174,1.7677447258498078,0.2759856630824371,0.9143464305092528,0.1951241373128978,0.6812060072730464,0.18743593498316,0.3880450048653579,0.0333790726617098,0.0985220394990274,0.3669265977284286,1.5340048881502182,0.1699488733194469,0.9650846413050588,0.8895364238410595,1.325797669363135,0.1622060016220601,1.4629819085808242,0.1527485380116959,0.6880815284832764,0.3251450017059023,0.8956941175519463,0.3968988370638988,2.95562264433304,0.3016208597603946,1.4822371627617217,0.4725221399975734,1.9473418421677255,0.2357869539198085,1.0744014320499609,0.3808093808093806,1.6722252051238145,0.2226537216828479,0.9106573608859692,-0.0429009193054136,-0.193659942136324,0.3351321176032749,1.3044152437117518,0.2058676028084252,1.418299024623914,,,0.1381778144783925,0.3411963423289494,0.1385614625932161,0.891176903439878,-0.1099190664408056,-0.4259230902861199,0.3070110701107011,0.791931096305023,0.0049930651872398,0.011190988889025,0.4621458430097538,1.291997274931286,0.4382694938440492,2.0324388565730427,-0.1399941486249268,-0.4762012584562983
2020-12-31,0.2124868263255441,0.6777913808562372,0.1745599533210153,0.4867367556619117,0.425335182616736,1.249117325049105,0.2450584810255887,0.8071054342180043,0.1129702414373947,0.5221372630822658,0.1712340051622825,0.6985423274909074,-0.0198533612645209,-0.06577461235877,0.2696865156742163,0.941513833643324,0.3681711678382042,0.7622176752173814,-0.3389741531050242,-1.0005198538565956,0.2297389471073354,0.9604663985737336,0.0530873189285425,0.30146570050922,0.8230758446656385,1.226742387742603,0.1082422268744669,0.9762673272152812,-0.2595373376623376,-1.1691296710382093,-0.0114143494679025,-0.031443711637708,0.1416166860621253,1.0545898477229187,0.2330806713589603,1.1454142571045982,-0.0553633217993079,-0.228161400144642,-0.0116222760290557,-0.0529587825013603,0.4097970173985086,1.799516860697744,-0.0719957649550026,-0.2944638554134704,0.0276660372711601,0.1248878407227548,0.2526829268292683,0.9835030552696208,0.024745269286754,0.1704794285972178,0.0786439114391144,0.880186898233857,-0.0348246674727933,-0.0859910052087057,-0.0012676949080919,-0.0081533523214644,-0.2937196024529499,-1.1381279409040634,-0.1469979296066252,-0.3791792638160173,-0.4427270218051338,-0.9922869011512476,-0.116264294790343,-0.3250340867780144,-0.2195933896088455,-1.0183463461557118,0.1326756251063106,0.451306717192689
2021-12-31,0.4520441194101428,1.4419322515247597,0.476113594966054,1.327578188074636,0.5248134933506325,1.5412635816551514,0.5950281002584403,1.9597379826281365,0.2778730703259005,1.2843017999977957,-0.0031415576499274,-0.0128158597391176,0.0087433817457618,0.0289670115488178,0.1595392793857057,0.5569742268188976,0.1420073009148679,0.2939949790277789,-0.0595160235448005,-0.1756681523759723,-0.0029749899152884,-0.0124374986727665,0.1396296011680629,0.7929113087178595,0.3465087665333743,0.51644935808264,0.1143216959350732,1.0310997819981027,0.4624554672513017,2.0832085786468104,0.3688688254188732,1.0161424451938084,0.2052066180506546,1.52813077398831,0.0197585071350165,0.0970980375146448,0.2775161346589918,1.1436898616028512,0.166487016168545,0.7586250452603285,0.1869536472489532,0.820958245448309,0.0175413576725611,0.071744439588597,0.0484901741492249,0.2188905149809736,-0.1450823319982197,-0.5646955200986017,0.1136363636363637,0.78288347223455,0.0682061150310027,0.7633665179051774,0.4577800050112754,1.130375841380817,-0.0755235878993019,-0.4857402335479138,0.3577844311377247,1.3863714048964069,0.0606796116504855,0.1565222757616031,0.0619118375433382,0.1387633968443401,0.4960460100647015,1.386770221863935,0.2327848872638636,1.079520835338824,0.1542273614656855,0.524616666766005
2022-12-31,0.0693762126904182,0.2212965378191154,-0.0787222705219171,-0.2195063748769019,-0.2802443249156714,-0.8230168953935055,-0.2197675016717246,-0.7238090439532349,0.0050927753651794,0.0235383031569533,-0.0340545625587958,-0.1389242362751543,0.2043145374873598,0.6768984517754274,0.1859813560185421,0.6492872624848944,-0.4782557221783741,-0.990123607067482,-0.0537949533081659,-0.1587817782833509,0.0490567946189248,0.2050910542007339,0.2242751180040458,1.2735858001585056,-0.2640205596801827,-0.3935059130872427,0.0597727130030765,0.5391070421305667,0.5846528623629719,2.633667335893146,-0.0851725012683917,-0.2346291899399641,-0.050487963565387,-0.3759733071631431,-0.0045209903121636,-0.0222172294664835,-0.1264336428181321,-0.5210539402845804,0.1063508064516127,0.4846046689679961,-0.2903824730783514,-1.2751389936238804,0.4941836019621584,2.021219009296486,-0.2962285714285714,-1.3372116246176549,-0.4390942217595003,-1.709060893312732,0.1060495626822157,0.7306151587821552,-0.0664531625300239,-0.743747378974349,-0.2246476452389136,-0.5547124562482838,-0.200228832951945,-1.2877989881887353,-0.2504961411245865,-0.970642255135859,-0.466403162055336,-1.2030809420436506,1.15205223880597,2.5821020396453176,-0.2383469485824122,-0.6663342594432136,0.2000741473059812,0.927827459798264,-0.1336195680457975,-0.4545176143631054
2023-12-31,0.0079525932789006,0.0253672158086447,0.1590563165905631,0.4435069672735995,0.5818872704243192,1.708876905599182,0.1276988495896101,0.4205789369779036,0.1505950744334028,0.6960355134046741,0.2630989481885468,1.073301716290868,0.1346261495401839,0.4460193254622198,0.2595137874753028,0.905999398295208,0.984645639512896,2.0384928963048807,0.3683657934799726,1.0872725441817424,0.0001928361374921,0.0008061873392558,0.0392707644855694,0.2230059600694889,0.4900287111042136,0.7303567405341804,-0.0857870726938798,-0.7737379263788321,-0.1363448235085437,-0.6141882323833292,0.2867244367417678,0.7898549570209634,-0.0085651637659311,-0.0637829835085443,0.1286764705882352,0.6323470028910192,0.3062675836198814,1.2621793351009132,0.218526955201215,0.9957534533040958,-0.0601779173207743,-0.2642556491695988,0.0101303817653128,0.0414334269979456,-0.0333441593590992,-0.1505195710631935,0.0426914153132249,0.1661653120818515,-0.0443163097199341,-0.3053116565854411,0.1470840480274442,1.6461725980298418,0.0928840611837729,0.2293544883177859,0.0271816881258939,0.1748227263262782,-0.2509561635775228,-0.972424786511898,0.9454191033138402,2.438696385394425,-0.2321196358907672,-0.5202512221984605,0.0482649842271292,0.1349319247143728,-0.1443723612398311,-0.6695149923061813,0.1435650998648445,0.4883481338152881
